"","1983","1984","1985","1986","1987","1988","1989","1990","1991","1992","1993","1994","1995","1996","1997","1998","1999","2000","2001","2002","2003","2004","2005","2006","2007","2008","2009","2010","2011","2012","2013","2014","2015","2016","2017","2018","2019","2020"
"1-Jan",0,0,0,0,0,0,0,0,0,0,0,0,0,0,0,0,0,0,0,0,0,0,0,0,0,0,0,0,0,0,0,0,0,0,0,0,0,0
"2-Jan",0,0,0,0,0,0,0,0,0,0,0,0,0,0,0,0,0,0,0,0,0,0,0,0,0,0,0,0,0,0,0,0,0,0,0,0,0,0
"3-Jan",0,0,0,0,0,0,0,0,0,0,0,0,0,0,0,0,0,0,0,0,0,0,0,0,0,0,0,0,0,0,0,0,0,0,0,0,0,0
"4-Jan",0,0,0,0,0,0,0,0,0,0,0,0,0,0,0,0,0,0,0,0,0,0,0,0,0,0,0,0,0,0,0,0,0,0,0,0,0,0
"5-Jan",0,0,0,0,0,0,0,0,0,0,0,0,0,0,0,0,0,0,0,0,0,0,0,0,0,0,0,0,0,0,0,0,0,0,0,0,0,0
"6-Jan",0,0,0,0,0,0,0,0,0,0,0,0,0,0,0,0,0,0,0,0,0,0,0,0,0,0,0,0,0,0,0,0,0,0,0,0,0,0
"7-Jan",0,0,0,0,0,0,0,0,0,0,0,0,0,0,0,0,0,0,0,0,0,0,0,0,0,0,0,0,0,0,0,0,0,0,0,0,0,0
"8-Jan",0.190178583333333,0,0.190178583333333,0,0,6.846429,0,0,0,0,0,0,0,0,0,0,0,0,0,0,0,0,0,0,0,0,0,0,0,0,0,0,0,0,0,0,0,0
"9-Jan",0,0,0,0,0,0,0,0,0,0,0,0,0,0,0,0,0,0,0,0,0,0,0,0,0,0,0,0,0,0,0,0,0,0,0,0,0,0
"10-Jan",0,0,0,0,0,0,0,0,0,0,0,0,0,0,0,0,0,0,0,0,0,0,0,0,0,0,0,0,0,0,0,0,0,0,0,0,0,0
"11-Jan",0,0,0,0,0,0,0,0,0,0,0,0,0,0,0,0,0,0,0,0,0,0,0,0,0,0,0,0,0,0,0,0,0,0,0,0,0,0
"12-Jan",0,0,0,0,0,0,0,0,0,0,0,0,0,0,0,0,0,0,0,0,0,0,0,0,0,0,0,0,0,0,0,0,0,0,0,0,0,0
"13-Jan",0,0,0,0,0,0,0,0,0,0,0,0,0,0,0,0,0,0,0,0,0,0,0,0,0,0,0,0,0,0,0,0,0,0,0,0,0,0
"14-Jan",0,0,0,0,0,0,0,0,0,0,0,0,0,0,0,0,0,0,0,0,0,0,0,0,0,0,0,0,0,0,0,0,0,0,0,0,0,0
"15-Jan",0,0,0,0,0,0,0,0,0,0,0,0,0,0,0,0,0,0,0,0,0,0,0,0,0,0,0,0,0,0,0,0,0,0,0,0,0,0
"16-Jan",0.327895277777778,0,0.327895277777778,0,0,0,0,0,0,0,0,0,0,0,0,0,0,0,0,0,0,0,0,0,0,11.80423,0,0,0,0,0,0,0,0,0,0,0,0
"17-Jan",0,0,0,0,0,0,0,0,0,0,0,0,0,0,0,0,0,0,0,0,0,0,0,0,0,0,0,0,0,0,0,0,0,0,0,0,0,0
"18-Jan",0.204440378378378,0,0,0,0,0,0,0,0,0,0,0,0,0,0,0,0,0,0,0,0,0,0,0,7.564294,0,0,0,0,0,0,0,0,0,0,0,0,0
"19-Jan",0,0,0,0,0,0,0,0,0,0,0,0,0,0,0,0,0,0,0,0,0,0,0,0,0,0,0,0,0,0,0,0,0,0,0,0,0,0
"20-Jan",0.152657243243243,0,0,0,0,0,0,0,0,0,0,0,0,0,0,0,0,0,0,0,0,0,5.648318,0,0,0,0,0,0,0,0,0,0,0,0,0,0,0
"21-Jan",0,0,0,0,0,0,0,0,0,0,0,0,0,0,0,0,0,0,0,0,0,0,0,0,0,0,0,0,0,0,0,0,0,0,0,0,0,0
"22-Jan",0,0,0,0,0,0,0,0,0,0,0,0,0,0,0,0,0,0,0,0,0,0,0,0,0,0,0,0,0,0,0,0,0,0,0,0,0,0
"23-Jan",0,0,0,0,0,0,0,0,0.241322837837838,0,0,0,0,0,0,8.928945,0,0,0,0,0,0,0,0,0,0,0,0,0,0,0,0,0,0,0,0,0,0
"24-Jan",0,0,0,0,0,0,0,0,0,0,0,0,0,0,0,0,0,0,0,0,0,0,0,0,0,0,0,0,0,0,0,0,0,0,0,0,0,0
"25-Jan",0,0,0,0,0,0,0,0,0,0,0,0,0,0,0,0,0,0,0,0,0,0,0,0,0,0,0,0,0,0,0,0,0,0,0,0,0,0
"26-Jan",0,0,0,0,0,0,0,0,0,0,0,0,0,0,0,0,0,0,0,0,0,0,0,0,0,0,0,0,0,0,0,0,0,0,0,0,0,0
"27-Jan",0,0,0,0,0,0,0,0,0,0,0,0,0,0,0,0,0,0,0,0,0,0,0,0,0,0,0,0,0,0,0,0,0,0,0,0,0,0
"28-Jan",0,0,0,0,0,0,0,0,0,0,0,0,0,0,0,0,0,0,0,0,0,0,0,0,0,0,0,0,0,0,0,0,0,0,0,0,0,0
"29-Jan",0,0,0,0,0,0,0,0,0,0,0,0,0,0,0,0,0,0,0,0,0,0,0,0,0,0,0,0,0,0,0,0,0,0,0,0,0,0
"30-Jan",0.226913527777778,0,0,0,0,0,0,0,0,0,0.226913527777778,0,0,0,0,0,0,0,0,0,0,8.168887,0,0,0,0,0,0,0,0,0,0,0,0,0,0,0,0
"31-Jan",0,0,0,0,0,0,0,0,0,0,0,0,0,0,0,0,0,0,0,0,0,0,0,0,0,0,0,0,0,0,0,0,0,0,0,0,0,0
"1-Feb",0,0,0,0,0,0,0,0,0,0,0,0,0,0,0,0,0,0,0,0,0,0,0,0,0,0,0,0,0,0,0,0,0,0,0,0,0,0
"2-Feb",0,0,0,0,0,0,0,0.151115972972973,0,0,0,0,0,0,0,0,0,0,0,0,0,0,0,5.591291,0,0,0,0,0,0,0,0,0,0,0,0,0,0
"3-Feb",0,0,0,0,0,0,0,0.213679243243243,0,0,7.906132,0,0,0,0,0,0,0,0,0,0,0,0,0,0,0,0,0,0,0,0,0,0,0,0,0,0,0
"4-Feb",0,0,0,0,0,0,0,0,0,0,0,0,0,0,0,0,0,0,0,0,0,0,0,0,0,0,0,0,0,0,0,0,0,0,0,0,0,0
"5-Feb",0,0,0,0,0,0,0,0,0,0,0,0,0,0,0,0,0,0,0,0,0,0,0,0,0,0,0,0,0,0,0,0,0,0,0,0,0,0
"6-Feb",0,0,0,0,0,0,0,0,0,0,0,0,0,0,0,0,0,0,0,0,0,0,0,0,0,0,0,0,0,0,0,0,0,0,0,0,0,0
"7-Feb",0,0,0,0,0,0,0,0,0,0,0,0,0,0,0,0,0,0,0,0,0,0,0,0,0,0,0,0,0,0,0,0,0,0,0,0,0,0
"8-Feb",0,0,0,0,0,0,0,0,0,0,0,0,0,0,0,0,0,0,0,0,0,0,0,0,0,0,0,0,0,0,0,0,0,0,0,0,0,0
"9-Feb",0,0,0,0,0,0,0,0,0,0,0,0,0,0,0,0,0,0,0,0,0,0,0,0,0,0,0,0,0,0,0,0,0,0,0,0,0,0
"10-Feb",0,0,0,0,0,0,0,0,0,0,0,0,0,0,0,0,0,0,0,0,0,0,0,0,0,0,0,0,0,0,0,0,0,0,0,0,0,0
"11-Feb",0,0,0,0,0,0,0,0,0,0,0,0,0,0,0,0,0,0,0,0,0,0,0,0,0,0,0,0,0,0,0,0,0,0,0,0,0,0
"12-Feb",0,0,0,0,0,0,0,0,0,0,0,0,0,0,0,0,0,0,0,0,0,0,0,0,0,0,0,0,0,0,0,0,0,0,0,0,0,0
"13-Feb",0,0,0,0,0,0,0,0.220408837837838,0,0,0,0,0,0,0,0,0,0,0,0,0,0,0,0,0,0,0,0,0,0,0,0,0,0,0,0,8.155127,0
"14-Feb",0,0,0,0,0,0,0,0,0,0,0,0,0,0,0,0,0,0,0,0,0,0,0,0,0,0,0,0,0,0,0,0,0,0,0,0,0,0
"15-Feb",0,0,0,0,0,0,0,0,0,0,0,0,0,0,0,0,0,0,0,0,0,0,0,0,0,0,0,0,0,0,0,0,0,0,0,0,0,0
"16-Feb",0,0,0.279025472222222,0,0,0,0,0.279025472222222,0,0,0,0,0,0,0,0,0,0,0,0,0,0,0,0,4.627051,0,0,0,0,0,0,0,0,0,5.417866,0,0,0
"17-Feb",0,0,0,0,0,0,0,0,0,0,0.156675621621622,0,0,0,0,0,0,0,0,0,0,0,0,0,5.796998,0,0,0,0,0,0,0,0,0,0,0,0,0
"18-Feb",0.280033228571429,0,0,0.280033228571429,0,0,0,0,0,0,0.280033228571429,0,0,0,0,0,0,0,0,0,0,0,0,0,9.801163,0,0,0,0,0,0,0,0,0,0,0,0,0
"19-Feb",0,0,0,0,0,4.234665,0,0,0,0,0,0,0,0,0,0,0,0,0,0,0,0,0,0,0,0,0,0,0,0,0,0,0,0,0,0,0,0
"20-Feb",0,0,0,0,0,0,0,0,0,0,0,0,0,0,0,0,0,0,0,0,0,0,0,0,0,0,0,0,0,0,0,0,0,0,0,0,0,0
"21-Feb",0,0,0,0,0,0,0,0,0,0,0,0,0,0,0,0,0,0,0,0,0,0,0,0,0,0,0,0,0,0,0,0,0,0,0,0,0,0
"22-Feb",0,0,0,0,0,0,0,0,0,0,0,0,0,0,0,0,0,0,0,0,0,0,0,0,0,0,0,0,0,0,0,0,0,0,0,0,0,0
"23-Feb",0,0,0.108683810810811,0,0,0,0,4.021301,0,0,0,0,0,0,0,0,0,0,0,0,0,0,0,0,0,0,0,0,0,0,0,0,0,0,0,0,0,0
"24-Feb",0,0,0.361365405405405,0,0,0,0,0,0,0,0,0,0,0,0,0,0,0,0,0,0,0,0,0,0,0,0,0,0,0,0,0,0,0,0,0,13.37052,0
"25-Feb",0,0,0.155389685714286,0.155389685714286,0,0,0,0.155389685714286,0,0,0,5.438639,0,0,0,0,0,0,0,0,0,0,0,0,0,0,0,0,0,0,0,0,0,0,0,0,0,0
"26-Feb",0,0,0,0,0,0,0,0,0,0,0,0,0,0,0,0,0,0,0,0,0,0,0,0,0,0,0,0,0,0,0,0,0,0,0,0,0,0
"27-Feb",0,0,0,0,0,0,0,0,0,0,0,0,0,0,0,0,0,0,0,0,0,0,0,0,0,0,0,0,0,0,0,0,0,0,0,0,0,0
"28-Feb",0,0,0,0,0,0,0,0,0,0,0,0,0,0,0,0,0,0,0,0,0,0,0,0,0,0,0,0,0,0,0,0,0,0,0,0,0,0
"29-Feb",0,0,0,0,0,0,0,0,0,0,0,0,0,0,0,0,0,0,0,0,0,0,0,0,0,0,0,0,0,0,0,0,0,0,0,0,0,0
"1-Mar",0,3.386474,0,0,0,0,0,1.70443616216216,0,0,0,0,0,0,0,0,0,0,0,16.58559,8.022704,0,0,0,0,0,10.05966,0,0,0,0,0,0,0,0,0,25.00971,0
"2-Mar",0,2.740211,0,0,13.27232,0,0,0.432771108108108,0,0,0,0,0,0,0,0,0,0,0,0,0,0,0,0,0,0,0,0,0,0,0,0,0,0,0,0,0,0
"3-Mar",0,11.92335,0,0,29.89266,0,0,0,0,0,0,0,0,0,0,0,0,0,0,10.0964,0,0,0,0,0,0,0,0,0,0,0,0,0,0,0,0,0,0
"4-Mar",0,0,0,0,10.77527,0,0,0,0,0,0,0,0,0,0,0,0,0,0,0,0,0,0,0,0,0,0,0,0,0,0,3.059891,0,0,0,0,4.796625,0
"5-Mar",0,0,0.557052914285714,0,0.557052914285714,0,0,0,0,0,0,0,0,0,0,0.557052914285714,0,0,0,0,0,0,0,0,0,0,0,0,0,6.589832,0,12.90702,0,0,0,0,0,0
"6-Mar",0,0,0.291782583333333,0.291782583333333,0,0,0,0,0,0,0,0,0,0,0,0,0,0,0,6.662055,0,0,0,0,0,0,0,0,0,0,0,3.842118,0,0,0,0,0,0
"7-Mar",0,0,0,0,0,0,0,0,0,0,0,0,0,0,0,0,0,0,0,0,0,0,0,0,0,0,0,0,0,0,0,0,0,0,0,0,0,0
"8-Mar",0,0,0,0,0,0,0,0,0,0,0,0,0,0,0,0,0,0,0,0,0,0,0,0,0,0,0,0,0,0,0,0,0,0,0,0,0,0
"9-Mar",0,0,0,0,0,0,0,0,1.50488,0,0,0.276416918918919,0,0,0,0,0,0,0,0,0,0,0,0,0,0,0,0,0,0,0,0,0,0,0,0,5.506298,3.216248
"10-Mar",0,0,0,0,0,0,0,0,0,0,0,0,0,0,0,0,0,0,0,0,0,0,0,0,0,0,0,0,0,0,0,0,0,0,0,0,0,0
"11-Mar",0,0,0,0,0.231518378378378,0,0,0,0,0,0,0,0,0,0,0,0,0,0,0,0,0,0,0,0,0,0,0,0,0,0,8.56618,0,0,0,0,0,0
"12-Mar",0,0,0,0,0,0,0,0,0,0,0,0,0,0,11.61935,22.07187,0,0,0,0,0,0,0,0,0,0,0,0,0,0,0,0,0,0,0,0,0,0
"13-Mar",0,0,0,0,0,0,0,0,0,0,0,0,0,0,0,0,0,0,0,0,0,0,19.01217,0,0,0,0,0,0,0,0,9.581338,0,0,0,0,0,0
"14-Mar",0,0,0,0,0.374347621621622,0,0,0,0,0,0,0,0,0,0,0,0,0,0,0,0,0,4.648621,0,0,0,0,0,0,0,0,9.202241,0,0,0,0,0,0
"15-Mar",0,0,0.49660872972973,0,0,0,0,0,0,0,0,0,0,0,0,0,0,0,0,4.517084,0,0,0,0,0,0,0,0,4.153981,0,0,9.703458,0,0,0,0,0,0
"16-Mar",0,0,0.738391135135135,0,0,0,5.624676,0,0,11.4661,0,0,0,0,4.677015,0,0,0,5.552681,0,0,0,0,0,0,0,0,0,0,0,0,0,0,0,0,0,0,0
"17-Mar",0,0,0,0,0,0,0,0,0,0,0,0,0,0,0,0.498268378378378,0,0,4.95825,0,13.47768,0,0,0,0,0,0,0,0,0,0,0,0,0,0,0,0,0
"18-Mar",0,0,0,3.374635,0,0,0,0,0,0,0,0,0,0,0,0,0,0,0,0,0,0,0,0,0,0,0,0,0,0,0,0,0,0,0,0,0,0
"19-Mar",0,0,0,10.8455,0,0,0,0,4.958301,9.266415,0,0,0,0,8.71454,0,0,0,0,0,0,0,0,0,0,0,0,0,0,0,0,0,0,0,0,0,0,0
"20-Mar",0,0,0,4.487805,0,0,0,0,0,21.14025,0,0,0,0,3.867572,0,0,0,0,0,0,0,0,0,0,0,0,0,0,0,0,0,0,0,0,0,3.421374,0
"21-Mar",0,0,0,0,0,0,0,0,0,0,0,0,0,10.9848,5.073542,0,0,0,0,0,0,0,0,0,0,0,0,0,0,0,0,0,0,6,0,0,2.050803,0
"22-Mar",0,0,0,0,0,0,0,0,0,0,0,0,0,8.756189,0,0,0,0,0,0,0,0,0,0,0,0,0,0,0,0,0,0,0,0,0,0,0,0
"23-Mar",0,0,0,0,0,5.522311,0,0,0,0,0,0,8.0922,8.900861,0,0,0,0,0,0,0,0,0,0,0,0,0,0,0,0,0,0,0,0,0,0,0,0
"24-Mar",0,0,0,0,0,0,0,0,0,0,0,0,0,12.52887,0,0,0,0,0,24.68218,0,0,0,0,0,0,0,0,0,0,0,0,0,0,0,0,0,0
"25-Mar",0,0,11.92761,0,0,0,0,0,0,0,0,0,0,0,5.437164,0,0,0,0,0,0,0,0,0,0,0,0,0,0,7.523427,0,0,0,0,0,0,0,0
"26-Mar",0,0,0,0,0,0,0,0,0,0,0,0,0,0,0,16.9383,0,0,0,0,0,0,0,0,8.024547,0,0,0,0,0,0,0,0,0,0,0,0,0
"27-Mar",0,0,0.150413388888889,0,0,0,5.414882,0,0,0,0.150413388888889,0,0,0,0,0,0,0,0,0,0,0,0,0,0,0,0,0,0,0,0,0,0,0,0,0,0,0
"28-Mar",0,0,0,0,0,0,11.70536,0,0,0,0,0,0,4.937953,0,0,0,0,0,0,0,0,0,0,31.01866,0,10.37952,0,0,0,0,0,0,0,0,0,0,0
"29-Mar",0,0,0,0,0,0.358731081081081,0,0,0,0,0,0,0,0,0,0,0,0,0,13.27305,0,0,0,0,0,0,0,0,0,0,0,0,0,0,0,0,0,0
"30-Mar",0.208232916666667,0,0.208232916666667,0,0,0,7.496385,0,0,0,0,0,0,0,0,0,0,0,0,0,0,0,0,0,0,0,0,0,0,0,0,0,0,0,0,0,0,0
"31-Mar",0,0,1.45801664864865,0,0,0,0,0,0,0,0,0,0,0,0,0,0,0,0,0,2.384427,8.763554,0,11.2856,14.01753,0,0,3.621135,0,0,0,0,0,0,0,13.87437,0,0
"1-Apr",0,0,0,0,0,0,0,0,0,0,0,0.268602594594595,0,0,0,0,0,0,0,0,0,0,0,0,0,0,0,0,0,0,0,0,0,9.938296,0,0,0,0
"2-Apr",0,0,0,0,0,0,0,0,0,0,0,0,0,0,0,0,0,0,0,0,0,0,0,0,0,0,0,0,0,0,0,0,0,0,0,0,0,0
"3-Apr",0,0,0,0,0,0,0,0.290272702702703,0,0,0,0,0,10.74009,0,0,0,0,0,0,0,0,0,0,0,0,0,0,0,0,0,0,0,0,0,0,0,0
"4-Apr",0,0,1.0713132972973,10.28571,0,0,0,0,0,0,0,0,0,0,8.108334,0,0,0,0,15.37926,0,5.865288,0,0,0,0,0,0,0,0,0,0,0,0,0,0,0,0
"5-Apr",0,0,8.127495,0,0,0,1.79191386486486,0,0,0,0,0,0,10.26854,19.2781,0,0,9.062778,0,0,0,0,0,0,0,0,0,0,0,0,0,19.5639,0,0,0,0,0,0
"6-Apr",0,0,0,0,0,0,0,0,0,0,0,0,0,0,0,0,0,0,0,0,0,0,0,0,0,0,0,0,0,0,0,0,0,0,0,0,0,0
"7-Apr",0,0,0,0.341028108108108,0,0,0,0,0,0,0,0,0,0,12.61804,0,0,0,0,0,0,0,0,0,0,0,0,0,0,0,0,0,0,0,0,0,0,0
"8-Apr",0.67864725,0,0,0,0,0,0,0,0,0,0,0,0,0,0,0,0,0,0,8.699836,0,0,0,0,0,0,11.26748,4.463985,0,0,0,0,0,0,0,0,0,0.67864725
"9-Apr",0,0,0,0,0,0,0,0,0,0,4.434983,0,0,0,6.093501,0,0,0,0,0,0,0,0,0,0,0,0,1.695528,0,0,0,0,0,0,0,0,0,0.330378702702703
"10-Apr",0,0,0,0,0,0,0,0,0,0,0,0,0,0,0,0,0,0,0,0,0,0,0,16.59766,0,0,0,5.935224,0,0,0,0,0,0,0,0,0,0.608996864864865
"11-Apr",0,0,0,0,0,0,0,0,0,0,0,0,0,0,0,0,0,0,0,0,0,0,0,0,10.28626,8.92047,0,0,0,0,0,0,0,0,0,0,0,0.519100810810811
"12-Apr",8.674954,0,0,0,0,0,0,0,0,0,0,0,0,0,0,0,0,0,0,0,0,0,0,0,0,6.387047,0,0,0,0,0,0,0,0,0,0,0,0.407081108108108
"13-Apr",0,0,0,0,0,0,0,0,0,0,0,0,0,0,0,0,0,0,0,0,0,0,0,0,0,0,0,0,0,0,0,5.973596,0,0,0,0,0,0.161448540540541
"14-Apr",0,0,0,0,0,0,0,0,0,0,0,0,0,0,0,0,0,7.619566,0,0,0,0,0,0,8.258634,0,0,0,0,0,0,0,0,0,0,0,0,0.429140540540541
"15-Apr",0,0,0,0,0,0,0,0,0,0,0,0,0,0.9719687,0,0,0,13.95895,0,0,0,0,0,0,8.170995,0,0,0,0,0,0,0,0,0,39.67742,0,0,1.69673874864865
"16-Apr",0,0,0,0,0,0,0,0,0,3.518655,0.996399777777778,0,0,21.62299,0,0,0,4.653244,0,0,0,6.075503,0,0,0,0,0,0,0,0,0,0,0,0,0,0,0,0.996399777777778
"17-Apr",0,0,0,0,0,0,18.54272,0,0,0,0,0,0,0,0,0,0,4.474098,0,0,0,0,0,0,0,0,0,0,0,0,0,0,0,0,0,0,0,0.622076162162162
"18-Apr",0,0,0,0,0,0,0,0,0,9.608964,0,0,0,0,1.569065,0,0,0,0,0,0,0,0.473771666666667,0,0,0,0,0,0,0,0,0,0,0,0,0,5.877751,0.473771666666667
"19-Apr",0,0,0,0,0,0,0.249810944444444,0,4.328377,0,0,0,0,0,0,0,0,4.664817,0,0,0,0,0,0,0,0,0,0,0,0,0,0,0,0,0,0,0,0.249810944444444
"20-Apr",0,0,0,0,0,0,0,0,0,0,0,0,3.77654,0,0,0.455394527777778,0,7.322004,0,0,0,0,0,5.295659,0,0,0,0,0,0,0,0,0,0,0,0,0,0.455394527777778
"21-Apr",6.914073,0,6.484586,0,0.91215475,0,0,0,0,0,0,0,13.87701,0,0,0,0,0,0,0,0,0,0,0,0,0,0,0,0,0,5.561902,0,0,0,0,0,0,0.91215475
"22-Apr",8.582467,0,23.9301,0,2.3279925,0,0,0,0,0,0,0,0,0,0,0,0,14.39963,0,0,0,0,0,15.45198,0,0,0,0,0,0,0,8.991233,0,0,0,0,12.45232,2.3279925
"23-Apr",0,0,0,0,0,0,3.340185,0,0,0,3.713531,0,0,2.914876,0,0,0,3.718135,0,0,0,14.15106,10.28568,0,0,0,0,0,0,0,0,0,0,0,0,0,2.894214,1.10858597297297
"24-Apr",0,0,0,0,0,0,0,0,0,0,0,0,9.274186,12.17965,0,0,0,0,0,0,0,10.89196,0,0,0,0,0,0,0,0,0,0,0,0,4.995773,10.7006,0,1.298437
"25-Apr",1.31877702777778,0,0,0,0,0,0,0,0,0,4.911119,0,0,0,0,0,0,0,0,0,0,7.334745,4.950809,0,0,0,0,0,0,0,0,11.1654,0,0,19.1139,0,0,1.31877702777778
"26-Apr",1.9827994,0,0,0,0,0,1.9827994,4.163239,0,0,12.93484,1.33353,0,0,0,0,10.28228,0,0,0,0,0,0,0,21.14331,0,0,0,0,0,0,7.12107,0,0,12.41971,0,0,1.9827994
"27-Apr",1.07669929411765,0,1.07669929411765,0,0,0,1.07669929411765,15.14931,0,5.211904,0,0,0,5.734192,0,0,0,0,0,0,0,0,0,0,0,0,0,0,0,0,0,10.51237,0,0,0,0,0,1.07669929411765
"28-Apr",1.14146211764706,0,1.14146211764706,0,0,0,1.14146211764706,0,0,0,0,0,0,0,0,0,0,0,0,0,0,0,0,0,0,0,7.058792,0,0,0,0,14.36153,0,17.38939,0,0,0,1.14146211764706
"29-Apr",0.828531628571429,0,0.828531628571429,0,0,0,0,7.887697,0,0,0,0,0,0,0,0,8.292685,0,0,0,4.637415,0,0,0,0,8.18081,0,0,0,0,0,0,0,0,0,0,0,0.828531628571429
"30-Apr",0.547984805555556,0,0,0,0,0,0,2.208273,0,0,0,0,0,0,0,0,0,0,0,0,0,0,0,0,0,7.846697,0,0,0,0,0,0,0,0,9.672483,0,0,0.547984805555556
"1-May",0,0,0,1.54795666666667,0,0,0,0,0,0,0,0,0,0,0,0,0,0,0,0,0,0,0,0,0,22.58628,0,17.79794,0,0,0,15.34222,0,0,0,0,0,1.54795666666667
"2-May",0,0,5.782333,0,0,0,0,0,0,0,0,12.37888,0,0,0,23.65247,0,0,0,0,0,0,0,10.10649,0,8.673609,0,3.947139,0,0,9.413981,0,0,0,0,0,0,1.99878113513514
"3-May",0,0,11.24807,0,0,0,0,0,0,0,0,0,0,0,0,0,0,3.705372,0,0,0,0,0,4.37596,0,11.17332,0,16.17535,0,0,0,0,4.679954,4.154129,0,0,0,1.50032851351351
"4-May",0,0,0.970703138888889,0,0,3.83244,0,0,15.93155,0,0,0,0,0,0,0,0,0,0,0,0,0,8.061388,0,0,2.701083,0,2.527572,0,0,0,0,1.89128,0,0,0,0,0.970703138888889
"5-May",0,0,1.76577228571429,0,0,0,0,0,7.247047,0,0,0,0,0,1.76577228571429,0,0,0,0,0,0,0,11.65151,0,0,9.068563,0,0,0,0,0,0,22.24616,0,11.58875,0,0,1.76577228571429
"6-May",0,0,1.48434239722222,0,0.6882843,0,0,0,6.928401,0,0,3.573527,0,0,0,0,0,0,0,0,0,0,3.481755,0,0,16.71797,0,0,0,0,0,0,4.011581,0,16.75196,1.282848,0,1.48434239722222
"7-May",0,0,0,0,0,0,0,0,12.33627,0,0,0,0,0,0,0,0,0,0,0,0,0,0,0,0,4.96699,0,0,0,0,0,8.656866,4.34824,0,9.227544,0,0,1.06853810810811
"8-May",0,0,0,0,0,0,0,0,3.49767,3.825875,0,0,0,2.876341,9.596238,0,0,10.23657,0,0,0,0,0,7.390173,0,0,0,0,0,0,0,0,14.44385,0,2.475912,0,4.20413,1.58234483783784
"9-May",0,0,0,0,0,0,0,0,0,10.42474,0,0,0,0,7.526984,0,0,0,0,0,0,0,0,0,0,0,0,0,0,0,0,8.864345,6.4175,19.00109,4.216947,0,0,1.52571908108108
"10-May",7.20467,0,0,0,0,0,0,0,0,23.98057,0,0,5.206886,10.50836,0,0,0,0,0,0,0,0,0,5.142084,0,2.371691,0,0,11.40837,0,0,9.774874,4.5592,0,0,0,0,2.16639743243243
"11-May",0,0,0,3.24188883333333,32.53765,0,0,0,0,18.45139,0,7.466599,0,24.46504,0,7.330475,0,0,0,0,0,0,0,0,0,4.118843,0,0,0,0,0,18.15434,4.183661,0,0,0,0,3.24188883333333
"12-May",10.14804,0,10.89082,0,0,0,0,0,3.480658,0,30.40832,0,0,22.30157,0,8.977262,0,0,0,0,0,0,0,0,0,0,0,0,0,0,6.572381,0,0,6.793439,2.243717,0,0,2.75178937837838
"13-May",8.098055,3.999969,0,0,8.426256,0,0,0,0,0,0,0,0,0,0,11.79754,0,0,0,0,0,0,0,0,0,5.333664,0,0,0,0,19.97496,0,0,8.537474,5.524862,0,0,1.9376427027027
"14-May",9.71349,8.953628,0,0,13.19323,0,4.107749,0,0,0,28.87807,0,0,0,0,0,0,0,0,0,0,0,0,0,13.62674,0,0,0,0,0,8.660293,6.303736,0,12.35888,29.72277,0,0,3.66266448648649
"15-May",7.057409,15.27143,0,12.27311,10.57391,0,0,0,0,0,0,0,0,0,0,0,0,0,0,0,0,0,0,0,0,0,0,0,12.96877,0,14.19133,0,0,0,2.423294,0,0,2.02052035135135
"16-May",0,5.311134,21.78311,0,27.55685,0,4.525798,0,0,0,0,0,0,0,0,0,0,0,0,0,0,0,0,0,0,0,0,0,5.20837,0,0,0,0,7.033321,4.681231,0,0,2.05675172972973
"17-May",0,8.421953,0,0,42.01909,0,3.55399452777778,0,0,0,3.083809,10.294,0,27.80893,0,0,0,0,0,0,0,0,0,0,0,0,0,0,24.32048,0,0,5.727203,0,0,4.862064,1.406274,0,3.55399452777778
"18-May",4.602442,0,0,0,17.1436,0,0,0,0,0,0,10.29971,0,9.626406,49.09608,0,0,0,0,0,0,0,0,0,0,0,0,0,3.242842,0,0,12.36545,0,0,6.560223,0,0,3.05234467567568
"19-May",0,0,0,0,0,0,0,0,0,0,0,0,0,0,10.22809,0,0,0,0,0,0,0,8.166182,0,0,0,0,0,6.152519,0,0,0,0,0,0,0,5.802894,0.820261756756757
"20-May",0,0,1.63794288571429,1.63794288571429,14.53846,0,0,0,2.507292,0,6.836829,0,0,0,14.24542,0,0,0,0,0,0,0,0,0,0,19.2,0,0,0,0,0,0,0,0,0,0,0,1.63794288571429
"21-May",0,0,0,1.62421122857143,7.026964,0,0,0,0,0,0,0,0,0,0,1.62421122857143,0,0,0,0,0,0,22.82251,0,0,0,0,0,0,0,0,17.68759,0,0,9.310329,0,0,1.62421122857143
"22-May",0,0,0,0,0,0,2.11644486111111,0,0,0,5.035085,0,0,0,0,0,0,0,0,0,0,0,0,11.22034,0,0,0,0,10.84824,0,12.66244,12.47776,0,0,0,23.94815,0,2.11644486111111
"23-May",9.8264,0,0,0,12.39733,0,1.0534175,0,0,0,7.207603,0,0,0,0,0,0,0,0,0,0,0,0,0,0,0,0,0,0,0,0,8.491697,0,0,0,0,0,1.0534175
"24-May",0,0,0,0,0,0,1.17996316666667,0,0,0,0,0,0,2.774833,0,0,0,0,0,0,0,0,0,20.67352,0,0,0,0,0,0,0,5.620971,0,0,0,0,13.40935,1.17996316666667
"25-May",0,0,3.920977,0,0,0,0,0,0,0,7.120043,0,0,5.308669,0,0,0,0,0,0,0,0,0,0,8.396606,0,0,0,1.039032,0,0,0,0,0,0,0,9.963163,0.966175405405405
"26-May",0,4.959048,0,0,4.475055,0,0,0,0,0,3.264931,0,0,9.780722,0,0,0,0,0,0,0,0,0,0,9.000001,0,0,0,0,0,0,5.093307,8.034852,0,0,0,0,1.20561935135135
"27-May",0,0,0,0,9.404122,0,0,0,0,0,0,0,0,3.207921,2.627471,0,0,0,0,0,0,0,0,0,15.40169,0,0,0,0,0,0,0,0,0,0,0,0,0.828140648648649
"28-May",16.54305,0,5.423584,0,8.915224,0,0,0,0,0,0,0,0,0,0,0,0,0,0,0,0,0,0,0,6.389314,0,0,0,0.6492877,0,0,0,8.276953,0,0,0,0,1.24857872162162
"29-May",0,0,0,0,21.91415,0,0,0,0,0,0,0,18.14054,11.68782,10.01089,0,0,0,0,0,0,0,0,0,6.245923,0,0,0,0,0,0,0,14.63843,0,0,0,0,2.23345278378378
"30-May",0,0,0,0,0,0,0,0,0,0,0,0,4.858651,14.50703,7.806912,12.86334,0,0,0,0,0,0,0,0,0,6.99114,0,0,0,0,0,0,0,0,8.593111,0,0,1.50324821621622
"31-May",18.4842,0,0,8.799318,0,0,0,0,0,0,0,0,0,0,14.46706,14.19563,0,0,0,0,0,0,0,0,0,5.568241,0,0,0,0,0,0,14.15401,0,0,0,0,2.04509348648649
"1-Jun",4.002162,0,0,0,0,0,0,0,0,0,0,0,0,0,0,3.012337,7.745993,0,0,0,0,0,0,0,0,0,0,0,0,0,0,0,14.46793,0,0,0,0,0.789957351351351
"2-Jun",0,0,0,0,0,3.770253,0,0,0,0,0.930730138888889,0,0,0,0,7.317389,10.56248,0,0,0,0,0,0,0,0,0,4.390522,0,0,0,0,0,0,0,0,7.465641,0,0.930730138888889
"3-Jun",0,0,0,0,0,0,0,0,0,0,0,0,0,0,7.868147,8.260571,0,0,0,0,0,0,0,0,0,3.855195,0,0,0,0,0,0,0,0,0,14.75006,0,0.938756027027027
"4-Jun",0,0,0,0,0,0,0,0,0,0,0,0,0,0,4.794969,0,0,0,0,0,0,0,0,0,0,14.57937,0,0,0,0,0,0,0,0,0,19.67347,0,1.05534618918919
"5-Jun",0,18.67456,0,0,0,0,0,0,0,0,0,0,0,11.07855,8.995107,0,0,0,0,0,0,0,0,0,0,12.08054,0,0,0,0,0,0,0,0,0,33.8642,0,2.28899883783784
"6-Jun",0,0,0,0,0,0,2.15844527777778,0,0,0,12.0036,0,0,47.5478,0,0,0,0,0,0,0,0,0,0,0,0,0,0,0,0,0,0,0,18.15263,0,0,0,2.15844527777778
"7-Jun",0,0,0,0,0,0,0,0,0,6.042175,0,0,0,28.25152,4.472957,6.808824,0,0,0,0,0,0,0,0,0,0,0,0,0,0,0,0,0,5.226346,0,0,0,1.37302221621622
"8-Jun",0,0,0,0,0,0,0,0,0,0,0,0,0,0,0,0,0,2.564862,0,0,0,0,0,0,0,0,0,0,0,0,0,0,0,0,0,9.276408,0,0.320034324324324
"9-Jun",0,0,0,0,0,0,0,0,0,0,0,9,0,0,0,0,0,0,0,0,0,0,0,0,0,0,0,0,0,0,0,0,0,0,0,11.31491,4.317292,0.665735189189189
"10-Jun",0,0,0,0,0,0,0,0,0,0,0,0,0,0,0,0,0,7.085358,0,0,0,0,0,0,0,0,0,0,4.612803,0,0,0,0,0,0,8.746438,6.924601,0.739708108108108
"11-Jun",0,0,0,8.510375,0,0,0,0,0,0,0,0,0,0,0,0,0,0,0,0,0,0,0,0,0,0,0,0,0,0,0,0,0,0,0,9.002461,15.6423,0.896084756756757
"12-Jun",0,0,0,0,0,0,0,0,0,0,0,0,0,0,0,0,0,0,0,0,0,0,0,8.335043,0,0,0,0,1.645606,0,0,0,0,0,0,16.74742,0,0.722380243243243
"13-Jun",0,0,0,0,0,0,0,0,0,0,0.965811944444444,0,0,0,0,10.66218,0,0,0,7.361161,0,0,0,0,0,0,0,0,4.186169,0,0,0,0,0,0,12.55972,0,0.965811944444444
"14-Jun",0.573514444444444,0,0,0,0,0,0,0,0,0,0,0,0,2.850511,2.089307,0,0,0,0,5.520362,0,0,0,0,0,0,0,0,10.18634,0,0,0,0,0,0,0,0,0.573514444444444
"15-Jun",0,0,0,0,0,0,0,0,0,0,0,0,5.460454,0,0,0,0,0,0,0,0,0,0,0,0,0,0,0,0,0,0,0,0,0,0,6.230676,10.26552,0.593422972972973
"16-Jun",0,0,0,11.28452,4.397461,0,0,0,0,0,0,0,0,0,0,0,0,0,48.34711,0,0,0,0,0,0,10.60709,0,63.01792,0,0,0,0,0,0,0,0,12,4.04470543243243
"17-Jun",0,48.00331,0,0,0,0,0,0,0,0,0,0,0,0,0,0,0,0,0,0,0,0,0,0,6.734248,6.131348,12.71969,0,0,0,0,0,0,7.563336,0,0,0,2.19329545945946
"18-Jun",1.18300816666667,8.686455,0,0,0,0,0,0,0,0,0,0,0,0,0,0,0,0,0,0,0,0,0,0,3.000726,6.459013,0,0,0,0,0,0,5.19592,0,0,0,19.24618,1.18300816666667
"19-Jun",0,34.73544,30.55899,0,0,0,0,0,0,0,0,0,0,0,5.629803,0,0,0,0,0,0,0,0,0,4.483251,0,0,0,0,4.539093,0,0,0,0,0,0,7.746829,2.37009205405405
"20-Jun",0,0,0,0,0,0,0,0,0,0,0,0,0,0,0,0,0,0,0,5.076689,0,0,0,0,0,0,0,0,0,0,6.716471,0,0,0,0,0,0,0.318734054054054
"21-Jun",0,0,0,0,0,0,0,0,1.855612,0,0,0,0,0,0,0,0,0,0,9.480468,0,0,0,0,0,0,0,8.422244,0,0,0,0,0,0,0,0,0,0.534008756756757
"22-Jun",0,0,0,0,0,0,0,0,8.181493,0,0,0,0,0,0,0,0,0,0,14,0,12.56804,0,0,0,0,0,0,0,0,0,0,0,0,0,0,0,0.939176567567568
"23-Jun",0,42.67482,0,2.84460083333333,0,6.578187,0,0,4.783901,0,0,0,0,0,7.12371,0,17.94543,0,0,9.836062,0,0,0,13.46352,0,0,0,0,0,0,0,0,0,0,0,0,0,2.84460083333333
"24-Jun",0,0,0,0,0,0,0,0,0,0,0,0,0,0,0,0,0,0,0,0,0,0,0,0,0,0,0,0,0,0,0,0,0,10.40136,0,0,0,0.281117837837838
"25-Jun",0,0,0,0,0,0,0,0,5.057465,0,0,0,0,0,6.873788,14.19116,0,0,4.877418,0,0,0,0,0,0,0,0,3.698242,0,2.15413,0,0,0,0,0,0,0,0.996005486486486
"26-Jun",0,3.21441594444444,0,0,0,0,0,0,8.315953,0,0,0,0,0,10.44549,8.585793,0,0,0,14.1054,7.346924,4.237998,7.930106,0,0,0,0,0,0,0,0,38.56688,0,0,0,16.18443,0,3.21441594444444
"27-Jun",0,0,0.450068527777778,5.670218,0,0,0,0,0,0,0,0,0,0,0,0,0,0,0,0,2.65802,0,0,0,0,0,0,0,0,7.874229,0,0,0,0,0,0,0,0.450068527777778
"28-Jun",0,0,0,21.96645,2.9937025,0,0,4.298171,7.468675,0,0,0,25.58229,0,0,26.05791,6.068368,0,0,0,0,0,0,0,0,0,0,0,6.353792,0,0,0,0,9.977634,0,0,0,2.9937025
"29-Jun",0,0,0,12.92701,2.19018466666667,0,0,0,0,8.19749,0,16.24265,0,0,0,0,0,0,0,0,4.8441,0,9.486464,0,0,0,0,0,10.12332,0,2.788037,0,0,10.65431,0,3.583267,0,2.19018466666667
"30-Jun",3.24865454285714,0,0,0,3.24865454285714,11.3282,7.000245,21.35493,0,16.2673,0,9.972034,0,0,0,0,0,1.91188,6.499003,6.564303,0,0,0,0,0,11.12391,4.142559,0,4.242114,0,4.258437,0,0,0,1.32103,0,7.716964,3.24865454285714
"1-Jul",3.72941347058824,0,5.434125,3.72941347058824,0,0,0,0,5.172452,0,0,0,3.72941347058824,0,55.27808,0,10.96635,0,0,0,1.869835,0,0,0,0,1.904258,0,0,0,0,18.85011,0,0,5.911348,8.417542,3.630238,9.36572,3.72941347058824
"2-Jul",0,0,12.7166,15.02459,0,1.896494,0,11.35107,0,0,0,0,3.91985127777778,7.520527,0,0,33.60306,0,0,8.203545,3.319216,0,0,10.22208,0,4.153294,0,0,0,17.739,0,0,0,15.36517,0,0,0,3.91985127777778
"3-Jul",0,4.772288,31.75467,0,3.86176277142857,0,0,0,0,0,0,22.7718,3.86176277142857,0,0,0,15.21337,0,0,4.403165,15.15802,0,0,0,3.485556,0,10.45098,0,0,0,7.131956,0,0,0,14.30127,0,5.718622,3.86176277142857
"4-Jul",0,0,0,0,0,12.09173,8.502936,0,6.426115,0,0,0,0,0,0,0,22.82811,3.441121,2.709053,0,6.952342,0,20.58536,0,9.101825,10.99131,6.519299,0,7.53033,14.61881,0,0,3.907426,6.55913,21.0443,25.46067,3.544308,5.21119391891892
"5-Jul",0,0,5.804424,4.833492,0,9.082877,6.353014,0,15.30501,0,0,15.09334,0,14.26497,0,0,0,3.345408,4.499844,0,0,0,4.332478,0,0,0,16.37756,0,4.697409,0,13.87134,0,16.28384,0,2.989783,36.72701,0,4.69896754054054
"6-Jul",0,0,0,0,0,7.877417,7.98031,0,13.42528,0,0,0,6.905447,13.35328,10.13415,0,11.20445,0,9.839516,0,9.919869,0,16.89769,80.08293,13.20332,6.406125,13.84478,0,7.676682,2.000925,15.95048,28.25616,0,28.99748,15.67281,20.18297,9.96406,9.45340894594595
"7-Jul",0,0,0,0,0,9.238511,3.033409,0,13.55178,0,0,12.72852,0,0,22.59897,3.833169,0,4.215231,0,0,12.2762,0,8.142348,0,18.98592,2.929685,0,4.626314,0,11.38453,8.077991,0,0,0,31.03329,13.83508,0,4.87813372972973
"8-Jul",0,0,0,0,0,7.070292,5.670274,0,0,0,0,13.50849,0,10.61542,14.35293,18.41005,0,5.220735,0,0,2.228985,0,0,0,20.12876,17.71686,0,0,0,5.421541,15.56064,11.03032,0,0,20.79003,0,16.68102,4.98395532432432
"9-Jul",0,0,0,12.02523,0,7.978604,13.51241,0,1.757254,0,9.938744,7.175224,0,8.985857,0,21.57939,0,12.21371,0,4.508595,6.046782,0,0,0,0,0,0,0,0,0,5.935039,0,0,14.35634,4.157499,5.637839,6.179696,3.83751927027027
"10-Jul",0,5.693338,0,9.473724,0,4.234039,0,12.13545,8.257167,0,0,0,16.69016,20.90071,0,0,12.2513,11.24404,0,19.77629,7.302134,0,16.99163,0,0,9.376203,0,16.11189,0,7.116587,17.70994,0,0,0,0,7.784212,0,5.48780578378378
"11-Jul",0,20.40851,0,0,10.21699,0,3.066082,0,13.88034,0,24.13585,8.53736069444444,0,0,0,26.07305,16.4113,1.775004,0,27.29584,33,17.98976,12.02739,0,0,21.13556,0,12.35864,2.214023,0,24.80394,0,14.72209,4.67641,7.111917,5.692365,8.349924,8.53736069444444
"12-Jul",9.51940322222222,7.812272,7.278124,3.198043,0,21.53158,0,0,31.1073,0,9.200996,6.684698,6.913106,20.49537,0,24.38414,13.62404,7.28459,0,0,2.736254,4.425177,0,0,0,17.51727,12.14301,17.77652,8.385166,17.04546,35.29546,0,0,0,42.58035,25.27959,0,9.51940322222222
"13-Jul",0,0,17.79007,0,0,36.0656,10.21548,0,3.157042,0,14.05753,0,0,46.99468,0,0,2.660601,7.877195,2.825755,0,0,5.714429,0,0,9.355982,0,5.598371,21.35806,17.3198,7.352785,6.520544,0,20.04459,29.31879,7.228251,5.832722,15.05039,7.90104505405405
"14-Jul",0,0,0,0,7.85022,8.041588,6.113034,4.895951,1.930354,0,0,0,17.62945,8.800082,0,16.9975,16.66504,0,0,0,1.203287,7.365162,0,0,0,0,16.45407,7.363671,6.437103,3.974346,0,0,14.48872,18.79411,31.72345,5.102714,8.158998,5.67537432432432
"15-Jul",0,16.75729,0,44.29571,0,4.241932,8.945934,0,43.3498,0,0,0,0,7.633746,14.28448,8.749015,19.98511,0,4.115497,3.249679,3.901852,12.74672,0,0,5.323983,0,0,6.215346,0,18.90118,8.01993,8.021233,0,0,8.53029,8.16167,0,6.90352424324324
"16-Jul",6.37726055555556,0,0,33.00818,12.30499,0,21.41235,0,0,0,0,0,0,9.8254,14.08067,19.09971,0,0,4.376336,0,0,6.628891,0,0,2.325295,0,0,11.8818,6.647877,7.371846,46.28113,0,0,0,16.02061,6.748315,11.56798,6.37726055555556
"17-Jul",0,0,0,0,3.811738,66.76518,0,0,0,0,0,7.069366,16.30582,5.714585,21.10028,5.797137,3.645898,0,2.54292,2.726491,0,1.90359,10.44983,0,16.99944,3.547425,192.1115,25.39314,9.190704,15.53152,5.855167,0,0,0,8.330632,16.28514,6.361589,12.0929484324324
"18-Jul",12.00978,0,6.684988,0,0,9.061808,9.248422,8.685624,8.804203,0,0,0,0,0,0,21.62653,9.667989,13.80745,9.377606,0,9.000001,0,7.793432,0,0,0,0,16.51595,11.42751,16.40994,11.4988,0,9.895747,0,12.51286,0,6.580685,5.69214391891892
"19-Jul",0,0,8.184469,0,0,5.981184,0,31.41336,6.006545,0,11.68079,0,0,27.89603,0,20.1718,12.12758,16.37522,21.604,0,9.000001,0,5.548929,0,0,5.189909,80.82228,16.28231,0,16.14775,14.99474,8.952685,0,21.24472,0,0,18.0151,9.66592978378378
"20-Jul",4.83569785555556,0,0,0,0,0,0,6.29344,0,0,6.335367,0,0,0,0,0,0,5.517364,13.00215,0,2.275327,0,8.360539,0,4.982349,5.560756,0,34.92621,0,12.8526,11.14155,15.93652,25.55978,8.949628,11.56417,0.8273728,0,4.83569785555556
"21-Jul",7.795283,0,0,26.99604,0,8.61649563888889,14.28487,23.07117,0,0,0,21.18465,0,26.34206,0,8.554942,13.82975,0,4.091593,0,11.4289,0,9.159567,0,19.72994,2.91467,0,25.16936,0,6.367212,29.54945,9.271186,0,28.94134,21.51186,0,0,8.61649563888889
"22-Jul",7.484403,0,0,0,0,0,13.07628,10.00084,33.97974,0,0,11.31876,5.552998,0,13.41216,23.02951,8.654054,15.68285,0,0,3.128848,0,14.18985,0,47.55692,0,3.431639,16.50476,11.4682,12.92747,7.312235,0,0,0,3.919824,0,14.29157,7.484403
"23-Jul",0,0,0,7.14500783333333,19.64457,4.319878,0,12.52133,18.18264,0,0,27.69924,5.245951,24.14199,16.84222,11.09379,5.131523,3.096735,3.319566,21.63824,1.475658,0,7.246041,12.57038,11.46795,0,21.34516,19.0809,0,0,0,0,0,0,0,0,11.15652,7.14500783333333
"24-Jul",20.23929,0,1.967927,9.29986597222222,0,0,7.062805,11.21813,47.29232,0,7.824313,9.671423,0,23.59427,17.36623,10.20704,0,0,6.989209,28.74886,1.444938,4.924458,25.05853,8.636971,0,19.51136,24.23568,17.49031,0,6.948771,10.77787,0,0,11.4219,12.16257,0,0,9.29986597222222
"25-Jul",75.66264,0,8.957415,8.319744,0,22.04218,0,0,0,0,19.83999,15.5541,16.49162,28.22184,2.386106,11.44177,5.978653,2.538419,6.872683,0,0,8.882909,0,26.04467,0,20.66812,6.895213,8.716369,0,10.24517,10.32298,0,0,0,16.83055,5.737428,2.245023,9.21339437837838
"26-Jul",13.79323,0,16.10287,4.439759,0,5.78231,5.417813,0,0.3365494,0,0,3.856359,0,0,0,14.60116,0,23.16042,0,12.34952,0,12.98697,21.41142,6.985497,20.72757,14.38878,0,5.284597,0,0,18.71525,0,12.03621,15.84239,11.97031,6.694889,7.374067,6.87183622702703
"27-Jul",21.64179,6.418066,2.260217,12.5350233333333,0,30.48607,3.25079,74.95167,0,5.593202,8.692221,24.14134,22.12632,21.26088,0,3.558447,18.41913,0,6.873581,5.351607,0,4.438603,6.928751,43.36713,3.666192,5.122769,10.01404,32.11231,0,19.91257,6.989551,0,0,37.12733,9.799655,9.880209,6.876399,12.5350233333333
"28-Jul",9.591681,11.64969,21.65926,0,6.69412836111111,17.75953,0,0,13.26655,0,0,0,11.22462,2.770123,0,7.537599,0,1.513176,10.16041,4.296424,6.333582,2.245943,3.649954,23.52782,16.47662,4.603503,6.782531,0,3.215376,2.365001,23.49112,13.76546,0,14.94175,0,8.160898,0,6.69412836111111
"29-Jul",5.708701,4.686482,46.18494,7.533803,2.980129,18.43284,0,6.696217,0,0,0,6.689985,2.684042,10.14754,5.621026,14.38292,0,1.588851,2.341047,5.597845,0,10.43349,0,40.4393,3.732071,11.85311,0,16.16874,15.59884,15.35508,22.82696,11.27221,0,3.125395,5.416226,0,8.883491,8.28057516216216
"30-Jul",16.78226,7.040885,17.1229,16.97753,0,28.81721,0,22.24424,0,23.04691,13.9486,32.72705,15.38562,14.67132,18.34877,19.49853,27.62963,0,6.09129,0,0,3.480007,0,21.91304,2.06572,17.87937,0,0,20.75526,4.90828,16.35439,33.1037,0,7.447941,5.466328,0,7.777808,11.3914753783784
"31-Jul",20.02645,10.29716,5.24114,0,2.626297,17.01931,0,23.16551,4.814906,0,0,186.4782,13.93792,0,0,23.95179,16.82904,2.889543,10.99183,0,5.722652,0,0,21.83426,8.385159,23.06859,8.198997,14.52152,1.902436,14.85415,4.193751,23.65615,7.153994,2.172947,0,0,14.73471,13.2072543783784
"1-Aug",0,14.028,10.6314,7.80710296111111,0,27.9083,0,0,0,0,0,14.18074,10.23395,5.689404,0,28.58309,0,4.956964,7.000021,0.6886146,6.669858,9.194448,0,9.143744,23.17488,0,0,25.69701,3.285512,25.48079,7.819621,11.94266,0,5.374919,13.78163,6.103189,9.486962,7.80710296111111
"2-Aug",0,0,0,0,8.362387,14.21493,3.44000372222222,0,0,0,0,0,17.15785,7.040541,0,0,0,6.361108,0,6.543222,25.01916,15.42949,0,0,3.219227,0,0,5.06493,1.847186,0,0,0,0,4.595737,0,8.984366,0,3.44000372222222
"3-Aug",0,0,0,6.54076286111111,0,37.86951,0,0,0,2.641266,0,0,23.47245,12.8737,0,7.214406,9.022161,11.41681,11.64849,1.977364,0,0,0,8.580733,25.3048,0,0,15.83562,10.22232,7.900135,5.423811,18.51505,0,0,18.08278,7.466057,0,6.54076286111111
"4-Aug",0,14.93078,11.24074,24.66686,0,28.5126,10.41415,0,2.831624,27.41157,0,0,0,11.63292,0,0,17.8514,3.737185,4.775528,1.968649,0,4.442159,0,0,30.22986,3.422784,13.28893,11.54429,0,6.226173,0,16.78687,5.905327,0,6.100495,0,7.050892,7.16139962162162
"5-Aug",0,9.799698,0,23.5549,0,0,0,0,17.72448,0,0,10.66618,23.03869,0,5.672373,20.302,0,3.031275,6.768754,7.945162,27.23022,7.636424,0,0,8.871774,9.010356,0,18.54549,4.945483,6.852191,0,4.63652,0,19.07479,33.70887,10.35258,8.765713,7.78740332432432
"6-Aug",0,0,1.018626,5.668752,9.210341,0,0,0,0,8.278134,11.02099,5.516347,12.26,0,4.285077,11.20235,11.27806,3.66452,41.97599,10.38448,11.21001,0,0,16.13469,4.665637,6.487307,0,0,3.55566,3.384774,0,11.25896,11.87885,6.185069,17.3273,5.758549,0,6.31379656756757
"7-Aug",47.04111,0,4.869489,0,0,0,0,5.506852,2.758178,5.516393,22.30494,0,0,21.8913,14.24198,11.04547,4.038605,3.080751,5.607209,1.359269,29.84013,13.46583,4.306707,20.10437,14.82364,0,0,0,0,16.07288,0,7.346992,0,12.23669,10.02811,3.53003,0,7.59505202702703
"8-Aug",18.30062,13.35192,0,12.74792,5.22998,10.00749,0,9.85950325,0,37.02654,0,0,4.783308,0,13.72549,14.16825,18.81584,10.96035,16.7059,8.68419,0,12.3048,0,20.53848,0,11.63426,21.99347,11.62085,1.890344,0,8.200357,9.148277,7.039299,30.79086,17.12486,10.63075,7.517712,9.85950325
"9-Aug",3.49968,0,0,0,0,0,0,0,5.927278,6.941453,0,0,16.9225,22.94977,0,8.107512,29.35048,3.174415,2.773416,7.43906,12.37173,14.29547,0,0,16.31028,9.63539,0,16.4903,8.474652,4.532228,9.058858,6.026386,6.138075,18.59962,22.38913,0,24.88041,7.46724575675676
"10-Aug",11.49316,0,7,68.62947,0,8.575573,0,7.863012,9.118852,6.824904,2.474412,0,0,14.78144,0,12.71283,0,7.970282,0,1.906265,0,0,8.776029,1.981428,0,0,0,9.523862,3.198001,0,17.37517,0,8.22336,8.30233,18.08913,0,0,6.34647324324324
"11-Aug",0,0,0,0,7.786451,2.993137,0,9.648713,6.19573,11.32304,6.328743,14.74724,0,39.02464,0,6.142103,13.33914,8.113686,0,8.47255,0,14.22371,3.619755,7.596763,5.424499,0,0,18.67184,12.54347,19.8296,15.06017,8.115782,0,30.74106,4.886445,0,13.27042,7.786451
"12-Aug",0,0,0,7.92829583333333,0,0,0,17.9428,18.33205,27.88319,0,27.74869,0,0,9.266772,0,7.681477,27.71764,8.420956,12.2795,2.229949,6.183594,0,5.424654,0,11.6217,15.75273,25.57481,2.602709,6.494898,13.66236,0,5.364735,12.93764,11.47269,8.823106,0,7.92829583333333
"13-Aug",0,10.6803471666667,20.82786,0,11.51339,16.19727,0,20.1848,14.75177,6.615908,4.790397,11.46703,14.00538,0,17.71751,20.62817,0,16.92227,11.08712,17.28769,35.24931,10.06899,1.907532,16.57267,0,17.02244,8.626183,8.362205,3.269618,0,25.62319,44.33759,0,0,9.456205,0,0,10.6803471666667
"14-Aug",0,8.0132338,11.91228,0,46.3475,14.04092,3.115103,0,8.475805,14.11662,8.0132338,12.93869,13.42043,0,5.931596,14.4603,5.481688,0,0,0,11.73992,2.037544,1.913527,30.03241,14.11122,8.855957,0,11.49625,0,2.090574,17.57033,0,7.503915,14.30556,2.814652,5.750392,0,8.0132338
"15-Aug",0,0,16.19884,0,3.810948,12.8002,16.0066,27.81804,13.34284,25.91806,10.5282603055556,11.8844,11.51425,12.68152,50.06489,7.494275,40.49786,3.279357,7.794442,3.32049,0,10.01459,5.857558,0,19.99119,4.908453,6.982244,21.12471,0,5.288483,4.237107,0,9.556594,0,26.62943,0,0,10.5282603055556
"16-Aug",10.34237,0,0,0,35.02679,0,0,8.619716,15.49102,10.31893,0,9.56990891666667,25.33242,0,10.62106,14.82202,15.50181,16.35915,4.918695,6.043735,59.45115,0,0,0,0,17.54368,17.57221,6.336395,3.524605,6.829965,19.07732,0,0,11.83983,0,0,28.94385,9.56990891666667
"17-Aug",0,3.491316,0,0,0,14.00309,10.44064,7.311089,12.46659,4.174511,0,7.238714,7.560024,0,18.34647,8.881914,12.91591,11.67957,9.324222,3.789785,4.61075,3.596922,0,0,0,4.343286,4.973909,7.690911,2.543892,7.742363,0,21.01576,11.19768,0,10.59843,26.74533,24.55835,7.06057913513513
"18-Aug",28.28681,0,0,11.21888,0,0,8.391391,3.846843,0,6.992671,0,21.4571,4.102178,5.089395,0,0,0,0,4.222556,0,10.43853,5.311213,4.434746,0,0,0,9.576078,10.88377,4.006947,0,0,16.08937,3.280273,0,0,12.32591,6.46629,4.76813381081081
"19-Aug",8.520039,0,0,7.462245,14.6241,8.079973,16.38727,0,1.8835,12.60142,6.68486261111111,0,12.82905,17.02634,0,5.568816,12.46985,13.19769,0,0,0,7.721839,5.053116,0,10.37574,11.18222,9.052553,17.3876,5.333971,9.24379,15.03461,14.99216,0,0,4.627162,0,0,6.68486261111111
"20-Aug",20.16189,0,5.30013611111111,0,0,25.16586,8.757277,0,7.439353,0,0,0,2.933323,17.82139,0,22.37591,0,3.697863,2.546886,0,0,4.814699,14.54938,5.074633,0,9.476398,11.24774,9.804692,3.436778,3.97856,0,0,5.708262,0,9.74362,2.070386,0,5.30013611111111
"21-Aug",41.14514,8.387185,3.792492,0,0,3.911403,9.041455,12.05876,0,7.742748,0,0,4.033923,0,0,5.581612,0,11.4789,0,0,18.61136,0,3.256223,9.633048,0,0,0,9.025647,0,8.218777,0,0,5.001699,0,4.306583,21.8163,0,5.05522310810811
"22-Aug",24.7641,0,0,0,7.227016,0,34.99444,0,0,0,2.509235,8.454176,11.24565,10.11505,0,5.384281,5.116373,0,2.332728,9.41631,0,0,10.26492,22.9967,9.114058,5.874295,11.54604,14.98718,0,7.640229,15.73562,0,0,0,0,9.049664,0,6.18292067567568
"23-Aug",10.4826,5.029593,11.47266,0,11.17513,0,13.4292,0,12.24843,0,9.068578,6.89666,0,0,0,0,17.82935,0,2.5303,0,5.994796,0,1.293705,11.82238,2.515355,0,0,63.1488,0,14.20868,0,0,0,0,2.450575,12.11693,14.60948,6.17089735135135
"24-Aug",0,0,35.30016,0,0,9.986742,7.891364,0,21.88524,8.001387,26.84711,13.45787,0,8.588615,0,19.57641,12.29937,5.349942,0,0,6.131297,0,0,4.487151,0,0,12.3795,20.38508,0,0,6.810191,2.665357,7.600153,0,0,7.799775,0,6.41737064864865
"25-Aug",0,0,13.78376,1.256047,0,9.030273,16.36926,0,0,0,0,8.476458,0,0,0,0,0,8.947831,0,0,0,0,0,13.09882,0,10.09402,7.064246,6.374946,4.470856,0,0,6.490809,0,0,16.04924,19.84428,7.998865,4.03647867567568
"26-Aug",12.48704,0,40.25281,20.3378,0,5.391893,9.234118,15.84489,0,13.79326,0,11.29518,0,9.514639,0,5.475659,16.46866,0,0,0,8.099545,4.276543,6.167379,6.171212,0,6.806921,0,13.45464,10.83973,9.40482,16.92203,13.01695,9.122029,0,26.7036,7.505245,0,8.06990791891892
"27-Aug",0,0,17.7031,0,0,8.145836,0,3.945898,0,6.980264,0,12.16893,0,0,9.028964,8.9388,7.600846,0,6.56156,0,0,0,5.803143,5.446833,2.780778,0,0,8.088574,0,0,10.3257,0,6.491565,0,0,13.03189,21.44082,4.17522975675676
"28-Aug",0,10.79057,0,6.702849,0,14.93652,0,0,0,10.7438,0,4.537645,13.00558,0,0,16.82285,9.995139,0,0,6.858863,3.93704,7.320283,6.774906,0,7.027377,0,0,14.98274,10.44905,5.507523,1.166033,0,0,17.63783,11.40175,2.58815,6.682417,5.1315922972973
"29-Aug",13.71931,0,9.795739,9.070253,0,0,25.74883,0,0,12.45339,0,13.25803,2.479976,0,0,3.799029,18.89871,1.949099,11.52483,0,1.777437,0,3.761683,0,18.81532,0,0,0,11.9897,10.05387,4.756778,11.77403,0,20.38147,21.75415,17.75962,0,6.63570956756757
"30-Aug",14.99881,21.44372,19.60082,0,0,3.035432,0,0,6.563136,0,0,0,0,3.67334,0,10.59941,7.706772,8.325886,0,6.462955,6.411386,0,0,12.70921,0,0,24.86412,0,2.378291,0,4.511394,0,9.981146,0,0,0,0,4.41258994594595
"31-Aug",0,0,0,0,0,0,12.57681,0,2.99348330555556,0,0,0,0,14.15602,0,9.200052,0,0,3.746648,4.161139,0,0,0,8.59375,3.9638,5.050862,9.892137,9.900782,0,7.734713,0,0,6.265946,0,12.52274,0,0,2.99348330555556
"1-Sep",0,0,0,0,0,2.24953,0,0,16.0332,0,11.81201,0,0,0,0,0,0,0,0,0,2.722943,0,13.15976,0,9.391937,21.88868,7.760745,9.244226,3.995562,0,0,19.35037,0,5.756953,0,0,21.87198,3.92534854054054
"2-Sep",0,0,0,0,0,9.211797,0,0,0,0,0,0,0,17.01679,0,0,0,0,0,0,0,0,0,26.39816,4.194242,4.927433,0,0,20.5405,0,10.99062,0,0,0,0,0,2.082988,2.57736567567568
"3-Sep",0,0,8.59492,3.38134569444444,17.86747,20.35685,0,6.835977,4.464304,0,9.478887,0,0,0,0,2.693972,0,0,0,0,0,8.066161,0,5.346856,9.386164,0,0,0,0,0,7.598488,5.804716,0,0,0,15.23368,0,3.38134569444444
"4-Sep",0,4.326838,0,2.50287180555556,0,0,0,0,5.26633,0,13.51763,0,0,0,0,0,5.371819,0,1.99726,4.894702,0,0,2.818369,13.65254,0,0,0,0,0,0,4.373967,0,0,0,21.49782,12.38611,0,2.50287180555556
"5-Sep",0,5.404867,6.797371,0,0,0,2.908977,5.185999,0,0,11.93452,0,0,6.783392,0,3.909223,0,0,9.572993,0,0,8.208958,5.6301,0,12.80325,5.145819,0,0,4.44686,0,6.284781,0,0,3.987957,14.23557,0,20.17764,3.60589937837838
"6-Sep",0,2.64663894444444,10.77107,0,0,0,0,0,0,4.617028,0,0,0,0,0,0,0,4.804194,0,8.666653,0,0,0,7.703503,7.32213,5.462988,0,5.363701,0,0,4.765735,17.93958,0,0,0,0,17.86242,2.64663894444444
"7-Sep",0,2.94266752941176,0,0,0,0,2.94266752941176,11.50521,7.109128,0,2.94266752941176,0,0,0,0,0,17.90789,0,5.238768,0,13.45223,0,0,7.36578,0,5.246914,0,0,0,1.589356,0,3.816325,0,13.42639,4.51015,8.882555,0,2.94266752941176
"8-Sep",0,0,0,25.31661,0,0,6.169714,0,0,0,0,0,0,0,0,0,0,0,0,3.096134,0,0,0,0,31.17661,0,0,3.212325,4.535104,0,2.326494,0,8.028067,0,0,0,14.43112,2.65654535135135
"9-Sep",0,2.976268,0,0,0,6.973992,0,0,0,0,9.598277,0,0,3.284027,0,5.382644,0,0,0,0,0,6.065103,0,0,0,0,0,4.360798,0,0,0,0,27.69919,26.16193,0,4.834428,0,2.63072045945946
"10-Sep",41.72907,7.15666,0,0,3.777425,2.741447,0,9.589389,0,0,0,0,0,0,0,0,0,0,0,0,3.683701,0,0,0,0,2.915251,0,0,0,0,0,0,8.686466,0,0,0,17.66827,2.64723456756757
"11-Sep",0,0,0,0,0,0,0,0,5.576418,0,0,0,0,0,0,0,1.04319755555556,0,0,0,0,0,0,11.34092,0,0,0,0,0,0,7.181917,0,6.270065,0,0,0,7.185792,1.04319755555556
"12-Sep",0,0,0,0,0,1.65633928571429,0,0,0,0,7.843605,0,1.65633928571429,0,0,0,1.626885,12.92376,0,0,0,9.440754,0,0,5.001073,0,0,0,4.006711,0,0,6.216676,6.849514,0,0,0,4.062897,1.65633928571429
"13-Sep",0,0,0,0,0,7.710234,0,0,0,0,0,0,0,0,0,4.641071,0,0,0,0,9.800929,0,0,7.133471,5.971168,0,0,0,0,0,0,13.70959,8.684723,0,0,3.369713,0,1.64921348648649
"14-Sep",1.25553173529412,0,1.25553173529412,0,0,1.25553173529412,0,0,3.846332,16.186,0,0,0,0,8.38728,0,0,0,0,0,10.1835,0,0,0,0,0,0,0,0,0,0,0,4.084967,0,0,0,0,1.25553173529412
"15-Sep",0,0,0,6.161726,0,0,0,0,0,0,0,0,0,0,0,9.021454,0,0,0.752044,0,0,0,0,0,0,0,0,0,0,0,10.59002,6.182891,14.94315,0,0,0,0,1.28787256756757
"16-Sep",0,0,0,0,33.36742,9.872195,0,0,0,1.98401993055556,0,0,0,0,0.4078685,0,0,0,0,0,0,0,0,0,0,0,9.688756,0,0,0,0,0,0,0,0,4.774588,13.31389,1.98401993055556
"17-Sep",0,0,7.895555,0,0,0,0,2.520007,4.259102,3.612157,0,0,0,0,10.36137,52.67986,0,0,0,0,0,0,0,0,0,0,0,0,0,0,0,0,14.8546,0,0,0,0,2.59953110810811
"18-Sep",0,0,0,5.55453,0,0.7985007,1.66675965833333,9.108744,0,11.3971,0,0,0,0,0,0,0,0,0,0,0,0,0,6.970387,0,0,0,0,0,5.209308,0,11.39716,7.155965,0,2.411653,0,0,1.66675965833333
"19-Sep",0,4.252066,5.478766,0,0,5.818935,2.261981,6.486221,3.677966,0,0,11.59932,0,27.50704,0,0,0,0,0,0,0,0,0,0,0,0,0,0,0,0,0,0,0,0,0,0,0,1.813035
"20-Sep",0,0,10.0739,12.57143,0,0,4.280309,0,3.854983,0,4.334089,0,0,0,0,0,0,0,0,0,0,0,0,0,0,0,0,0,0,0,0,0,0,0,0,0,0,0.949046243243243
"21-Sep",0,11.60434,0,0,4.608462,0,0,0,0,0,0,14.1992,0,0,11.28476,1.69939508333333,15.4455,0,0,0,4.035961,0,0,0,0,0,0,0,0,0,0,0,0,0,0,0,0,1.69939508333333
"22-Sep",0,0,0,16.7192,0,148.6445,0,0,0,0,0,6.879582,0,0,5.071202,0,0,12.63039,0,0,10.24243,0,0,0,0,0,0,0,0,0,0,0,0,0,0,0,2.816026,5.48657648648649
"23-Sep",0,0,0,0,0.918990742857143,0,0,9.373176,0,0.918990742857143,3.904037,0,0,0,0,0,0,0,0,0,4.750263,0,0,0,0,0,0,0,14.1372,0,0,0,0,0,0,0,0,0.918990742857143
"24-Sep",0,1.68923786111111,0,0,0,0,0,0,0,0,0,0,0,0,0,5.035585,0,0,0,24.99971,5.235326,0,0,0,0,0,0,0,5.044471,8.096371,0,0,12.4011,0,0,0,0,1.68923786111111
"25-Sep",0,0,0,0,0,0,0,7.506232,0,0,0,0,0,0,0,0,0,0,0,0,4.650743,2.942824,0,0,0,0,0,0,0,5.01269,0,0,0,0,0,0,0,0.543580783783784
"26-Sep",0,0,0,0,0,0,0,2.942725,0,0,0,0,0,0,12.49886,0,0,0,0,0,0,0,0,0,0,0,0,0,0,0,0,0,0,34.23702,0,0,0,1.342665
"27-Sep",0,3.19049701111111,0,0,0,0,9.537313,0,0,8.98902,6.577688,0,0,0,12.82631,10.96834,0,0.2432304,0,6.198036,0,0,19.73842,0,0,0,0,0,0,0,0,0,15.61244,0,0,8.139205,16.02789,3.19049701111111
"28-Sep",31.99534,0,0,0,0,0,0,0,0,0,37.43112,2.92088055555556,0,0,12.51085,0,0,0,0,23.21439,0,0,0,0,0,0,0,0,0,0,0,0,0,0,0,0,0,2.92088055555556
"29-Sep",0,0,0,0,0,0,0,5.253475,0,0,0,0,0,0,0,0,0,0,0,0,0,0,10.39566,0,63.46355,0,0,0,0,0,0,0,4.823318,0,11.20289,0,9.934029,2.8398087027027
"30-Sep",0,0,0,0,0,0,0,0,0,0,0,0,0,0,0,0,0,0,0,0,1.748506,4.700664,0,0,0,0,0,0,0,0,0,0,0,0,0,0,11.99206,0.498411621621622
"1-Oct",0,0,0,0,6.398154,0,0,0,0,0,0,0,0,0,0,0,0,0,0,0,0,0,0,0,10.81544,0,0,0,0,0,12.92936,12.1224,0,0,0,0,123.2116,4.47235010810811
"2-Oct",0,0,4.71663,20.15548,0,0,0,0,0,0,25.81385,0,0,0,0,0,0,0,0,0,0,0,0,0,16.1336,0,0,0,0,0,0,11.39095,0,0,0,0,0,2.11379756756757
"3-Oct",0,0,0,23.2925,0,0,0,0,0,0,0,0,0,0,0,7.683833,0,2.506388,0,0,0,4.368887,0,5.407356,7.386333,0,0,0,0,0,0,11.33599,0,0,0,0,0,1.67516991891892
"4-Oct",0,0,0,2.43732372222222,0,0,0,0,28.60304,0,7.106419,0,0,0,0,18.73038,0,0,0,0,0,5.967305,0,0,0,0,0,0,0,0,15.60779,11.72872,0,0,0,0,0,2.43732372222222
"5-Oct",0,0,0,0,0,0,0,0,6.476882,0,0,0,0,0,0,1.30713513888889,6.766905,0,0,0,0,0,0,0,0,0,0,0,0,0,26.87283,0,6.940248,0,0,0,0,1.30713513888889
"6-Oct",3.438646,0,0,0,0,0,0,0,9.607357,0,0,0,0,0,0,0,0,0,0,0,0,5.27122,0,0,0,0,0,0,0,0,5.425539,0,9.084078,0,0,0,0,0.887211891891892
"7-Oct",0,0,0,0,0,0,0,0,0,4.029727,0,0,0,0,2.777246,17.66109,7.583605,13.92565,0,0,0,0,3.350722,0,0,0,0,0,0,0,10.15957,0,0,0,0,0,0,1.60777324324324
"8-Oct",0,0,0,0,0,0,0,0,0,0,0,0,0,0,0,0,3.243336,8.398892,0,0,0,0,1.751788,0,0,0,22.66485,0,0,0,0,6.668374,0,0,0,0,0,1.15479027027027
"9-Oct",0,0,0,1.84653822222222,0,11.70021,0,0,0,0,0,0,0,0,12.05614,13.87526,0,3.214564,0,0,0,0,5.395614,0,0,0,9.281578,0,0,0,0,0,0,10.95201,0,0,0,1.84653822222222
"10-Oct",0,0,0,0,0,0,1.992937,0,0,0,0,0,0,0,4.381398,14.18482,0,5.419334,0,0,0,1.77819,19.83331,0,0,0,26.14868,0,0,0,0,0,0,0,0,0,0,1.992937
"11-Oct",0,0,0,0,0,1.8952505,0,0,0,0,0,0,0,0,0,14.99553,0,0,0,0,0,0,0,0,0,0,21.66559,0,0,0,0,0,23.4041,8.163798,0,0,0,1.8952505
"12-Oct",0,0,0,0,0,0,0,0,0,0,0,0,0.927926628571429,0,0.927926628571429,0,5.638389,0,4.118357,0,0,6.559249,0,0,0,0,13.57937,0,0,0,0,0,0,0,0,0,2.582067,0.927926628571429
"13-Oct",0,0,0,0,0,17.41047,0,0,0,0,0,0,0,0,0,0,0,0,0,0,0,0,0,0,0,0,0,0,0,0,0,0,0,4.980165,0,0,8.391614,0.831952675675676
"14-Oct",0,0,0,0,0,14.36841,0,0,0,0,0,0,0,0,0,0,0,0,0,0,0,0,0,0,0,0,0,0,0,0,0,0,0,0,0,0,0,0.388335405405405
"15-Oct",0,0,0,0,0,0,0,6.846475,0,0,0,0,0,0,11.33514,0,0,0,0,0,0,0,0,0,0,0,0,0,0,0,0,0,0,0,0,4.779979,0,0.620583621621622
"16-Oct",17.59393,0,0,0,0,21.16841,0,0,0,6.916535,2.101073,0,0,0,0,0,0,6.717914,0,0,0,0,0,0,0,0,0,0,0,0,0,0,0,6.827519,0,16.41432,0,2.101073
"17-Oct",5.362064,0,0,0,0,14.23623,3.168304,0,0,10.1857,0,0,0,0,28.46447,0,12.30707,0,0,0,0,0,0,0,0,0,0,0,0,0,0,0,0,0,0,0,0,1.99253616216216
"18-Oct",0,0,0,14.99203,0,0,7.428563,0,0,0,0,0,0,0,2.569278,0,13.66619,0,0,0,0,0,0,0,0,0,0,0,0,0,0,0,0,0,0,8.979268,0,1.28744132432432
"19-Oct",0,0,0,0,0,0,20.66302,0,0,4.756552,0,0,0,0,0,0,39.38778,12.12407,0,0,0,0,0,0,0,0,0,0,0,0,0,0,0,0,5.745978,11.45218,0,2.5440427027027
"20-Oct",0,0,0,20.1374,0,0,0,0,0,0,0,0,0,0,10.39132,16.31169,0,0,0,0,0,0,0,0,0,0,0,0,0,0,0,5.022238,0,5.461543,0,0,0,1.54930245945946
"21-Oct",0,0,0,0,0,0,0,0,0,0,0,0,0,0,4.528271,8.592216,0,0,23.22172,0,0,0,0,0,0,0,0,0,0,0,0,0,0,6.334464,0,0,0,1.15342354054054
"22-Oct",0,0,0,0,0,0,0,0,18.2189,4.474098,0,0,0,0,10.962,0,0,0,0,0,0,0,0,0,0,0,0,0,0,0,5.25172,0,0,2.235004,0,0,0,1.11193843243243
"23-Oct",0,2.38874997222222,0,13.39117,0,0,0,0,0,21.78021,13.49529,0,0,0,12.67474,0,0,12.26459,5.735432,0,0,0,0,0,0,0,0,0,0,0,4.737513,0,0,1.916054,0,0,0,2.38874997222222
"24-Oct",0,0,0,0,0,0,0,0,3.203643,0,0,0,0,0,1.5817,0,0,0,0,0,0,0,0,0,0,0,0,0,0,0,0,0,0,0,8.390965,0,0,0.356116432432432
"25-Oct",0,0,0.698344305555555,0,0,0,0,0,0,0,16.73089,0,0,0,3.728159,0,0,0,0,4.681346,0,0,0,0,0,0,0,0,0,0,0,0,0,0,0,0,0,0.698344305555555
"26-Oct",0,0,0.846050213888889,0,0,0,0,0,0,5.773157,7.682191,0,0,0,0,0,0,0.8520007,6.847451,0,0,0,0,0,0,9.303008,0,0,0,0,0,0,0,0,0,0,0,0.846050213888889
"27-Oct",0,0,0,0,9.690624,0,0,0,0,0,0,0,0,0,0,0,0,5.150955,0,0,0,0,0,19.83897,0,0,0,0,0,0,0,0,0,0,0,0,0,0.937312135135135
"28-Oct",0,1.36158617142857,0,0,15.71354,0,0,0,0,0,5.612961,0,0,0,1.36158617142857,0,0,6.361781,0,0,0,0,0,9.597764,0,0,0,0,0,0,0,0,10.36947,0,0,0,0,1.36158617142857
"29-Oct",0,0,0,1.58494080555556,0,0,0,0,0,0,0,5.477527,0,0,5.366548,0,0,0,0,0,0,0,0,18.14818,0,4.448785,0,0,0,0,0,0,20.76638,0,0,2.850449,0,1.58494080555556
"30-Oct",0,0,0,0,9.000742,0,0,0,0,0,0,0,0,0,0,0,0,0,0,3.144449,0,0,0,0,0,0,0,0,0,0,0,0,0,0,0,0,0,0.328248405405405
"31-Oct",0,0,0,0,0,0,0.360856171428571,0.360856171428571,0,0,0,0,0,0,0,0,0,0,0,0,0,0,0,0,0,6.496258,0,0,0,6.133708,0,0,0,0,0,0,0,0.360856171428571
"1-Nov",0,0,0,0,0,0,0,0.950758583333333,0,0,0,0,0,0,0,0,0,0,16.51508,0,0,0,0,0,0,8.427061,0,0,9.285168,0,0,0,0,0,0,0,0,0.950758583333333
"2-Nov",2.21057158333333,0,0,0,37.57846,0,0,0,0,3.21036,0,0,0,0,2.330667,0,0,0,0,0,0,0,0,0,0,23.24437,0,0,13.21672,0,0,0,0,0,0,0,0,2.21057158333333
"3-Nov",0,0,0,0,0,0,0,0,0,0,0,0,0,0,0,0,0,0,0,0,0,0,0,0,0,0,0,0,12.48304,0,0,0,16.49327,0,0,0,0,0.783143513513514
"4-Nov",0,0,0,0,0,0,0,0,0,0,0,0,0,0,0,0,0,0,0,0,0,0,0,0,0,0,0,0,0,0,0,0,6.809013,0,0,0,0,0.184027378378378
"5-Nov",0,0,0,0.184446697142857,0,0,0,0.184446697142857,0,6.177481,0,0,0,0,0,0,0,0,0,0,0,0,0,0,0,0.2781534,0,0,0,0,0,0,0,0,0,0,0,0.184446697142857
"6-Nov",0,0,0,0,0,0,0,0,0,0,0,0,0,0,0,0,0,0,0,0,0,0,0,0,0,0,0,0,5.181876,4.364335,0,0,0,0,0,8.321349,0,0.482907027027027
"7-Nov",0,0.257142885714286,0,0,0,0,0.257142885714286,0,0,0,0,0,0,0,0,0,0,0,0,0,0,0,0,0,0,9.000001,0,0,0,0,0,0,0,0,0,0,0,0.257142885714286
"8-Nov",0,0,0,0,0,0,0.921276611111111,0,0,0,0,0,0,0,0,0,0,10.58886,0,0,0,0,0,0,0,0,0,0,0,16.36306,0,0,0,0,0,0,6.214038,0.921276611111111
"9-Nov",0,0,0,0,0,0,0,0,0,0,0,0,0,0,4.688229,0,0,0,0,0,0,0,0,0,0,0,0,0,0,0,0,0,0,0,0,0,4.910313,0.259420054054054
"10-Nov",0,0,0,0,0,0,1.94661369444444,0,0,23.43003,0,0,0,0,19.84127,0,0,0,0,0,0,0,0,0,0,0,0,0,0,0,0,0,9.209153,0,0,0,17.59764,1.94661369444444
"11-Nov",0.639511764705882,0.639511764705882,0,0,0,0,0.639511764705882,0,0,0,0,0,0,0,11.34579,0,0,0,0,0,10.39761,0,0,0,0,0,0,0,0,0,0,0,0,0,0,0,0,0.639511764705882
"12-Nov",0,0,0,0,0,0,0,0,0,0,0,0,0,0,0,0,0,0,0,0,0,0,0,0,0,0,0,0,0,0,0,0,0,0,0,0,0,0
"13-Nov",0.483384857142857,0,0,0,0,0,0,0,0.483384857142857,0,0,0,0,0,16.91847,0,0,0,0,0,0,0,0,0,0,0,0,0,0,0,0,0,0,0,0,0,0,0.483384857142857
"14-Nov",0,0,0,0,0,0,0,0,0,0,0,0,0,0,0,0,0,0,0,0,0,0,0,0,0,0,0,0,0,0,2.825332,0,0,0,0,0,0,0.0763603243243243
"15-Nov",0,0.982228617647059,0,0,0,0.982228617647059,0,0,0,0,0,21.85651,0,0,0,0,0,6.712895,0,0,0,0,0,0,0,0,0.982228617647059,0,0,0,4.826368,0,0,0,0,0,0,0.982228617647059
"16-Nov",0,0.0631411176470588,0,0,0,0.0631411176470588,0,0,0,0,0,0,0,0,0,0,0,0,0,0,0,0,0,0,0,0,0.0631411176470588,0,0,0,2.146798,0,0,0,0,0,0,0.0631411176470588
"17-Nov",0,0,0,0,0,0,0,0,0,0,0,0,0,0,0,0,0,0,0,0,0,0,0,0,0,0,0,0,0,0,0,0,0,0,0,0,0,0
"18-Nov",0,0,0,0,0,0,0,0,0,0,0,0,0,0,0,0,0,0,0,0,0,0,0,0,0,0,0,0,0,0,0,0,0,0,0,0,0,0
"19-Nov",0,0,0,0,0,0,0,0,0,0,0,0,0,0,0,0,0,0,0,0,0,0,0,0,0,0,0,0,0,0,0,0,0,0,0,0,0,0
"20-Nov",0,0.471241,0,0.471241,0,0.471241,0,0,0,0,0,0,0,0,0,0,0,0,0,0,0,0,0,0,0,0,0,0,0,0,2.959684,0,0,0,0,0,13.06251,0.471241
"21-Nov",0,0.192739342857143,0,0,0,0.192739342857143,0,0,0,0,0,0,0,6.745877,0,0,0,0,0,0,0,0,0,0,0,0,0,0,0,0,0,0,0,0,0,0,0,0.192739342857143
"22-Nov",0,0.250343514285714,0,0,0,0.250343514285714,0,0,0,0,0,0,0,8.762023,0,0,0,0,0,0,0,0,0,0,0,0,0,0,0,0,0,0,0,0,0,0,0,0.250343514285714
"23-Nov",0,0.326956470588235,0,0,0,0.326956470588235,0,0,0,0,0,0.326956470588235,0,0,0,0,0,0,0,0,0,0,0,0,0,0,0,0,0,0,0,0,0,0,0,0,11.11652,0.326956470588235
"24-Nov",0,0.692871428571429,0,0,0,0.692871428571429,0,0,0,0,0,0,0,24.2505,0,0,0,0,0,0,0,0,0,0,0,0,0,0,0,0,0,0,0,0,0,0,0,0.692871428571429
"25-Nov",0,0,0,0,0,0,0,0,0,0,0,0,0,0,0,0,0,0,0,0,0,0,0,0,0,0,0,0,0,0,0,0,0,0,0,0,0,0
"26-Nov",0,0,0,0,0,0,0,0,0,0,0,0,0,0,0,0,0,0,0,0,0,0,0,0,0,0,0,0,0,0,0,0,0,0,0,0,0,0
"27-Nov",0,0,0,0,0,0.0818592777777778,0,0,0,0,0,0,0,0,0,0,0,0,0,0,0,0,0,0,0,0,0,0,0,0,0,0,0,0,0,0,2.946934,0.0818592777777778
"28-Nov",0,0,0,0,0,0,0,0,0,0,0,0,0,0,0,0,0,0,0,0,0,0,0,0,0,0,0,0,0,0,0,0,0,0,0,0,0,0
"29-Nov",0,0,0,0,0,0,0,0,0,0,0,0,0,0,0,0,0,0,0,0,0,0,0,0,0,0,0,0,0,0,0,0,0,0,0,0,0,0
"30-Nov",0,0,0,0,0,0,0,0,0,0,0,0,0,0,0,0,0,0,0,0,0,0,0,0,0,0,0,0,0,0,0,0,0,0,0,0,0,0
"1-Dec",0,0,0,0,0,0.443166,0,0,0,0,0,0.443166,0,0,0,0,0,0,0,0,0,0,0,0,0,0,15.51081,0,0,0,0,0,0,0,0,0,0,0.443166
"2-Dec",0,0.150163085714286,0,0,0,0.150163085714286,0,0,0,0,0,0,0,0,0,0,0,0,0,0,0,0,0,5.255708,0,0,0,0,0,0,0,0,0,0,0,0,0,0.150163085714286
"3-Dec",0,0,0,0,0,0.362986388888889,0,0,0,0,0,0,0,0,0,0,0,0,0,0,0,0,0,13.06751,0,0,0,0,0,0,0,0,0,0,0,0,0,0.362986388888889
"4-Dec",0,0,0,0,0,0,0,0,0,0,0,0,0,0,0,0,0,0,0,0,0,0,0,0,0,0,0,0,0,0,0,0,0,0,0,0,0,0
"5-Dec",0,0,0,0,0,0,0,0,0,0,0,0,0,0,0,0,0,0,0,0,0,0,0,0,0,0,0,0,0,0,0,0,0,0,0,0,0,0
"6-Dec",0,0,0,0,0,0.386990571428571,0.386990571428571,0,13.54467,0,0,0,0,0,0,0,0,0,0,0,0,0,0,0,0,0,0,0,0,0,0,0,0,0,0,0,0,0.386990571428571
"7-Dec",0,0,7.283413,0,0,0.329489382352941,0.329489382352941,0,0,0,0,0,0,0,0,0.329489382352941,0,0,0,0,0,0,0,0,0,0,0,3.919226,0,0,0,0,0,0,0,0,0,0.329489382352941
"8-Dec",0,0,0,0,0,0.185124083333333,6.664467,0,0,0,0,0,0,0,0,0,0,0,0,0,0,0,0,0,0,0,0,0,0,0,0,0,0,0,0,0,0,0.185124083333333
"9-Dec",0,0,0,0,0,0,0,0,0,0,0,0,0,0,0,0,0,0,0,0,0,0,0,0,0,0,0,0,0,0,0,0,0,0,0,0,0,0
"10-Dec",0,0,0,0,0,0.252096694444444,9.075481,0,0,0,0,0,0,0,0,0,0,0,0,0,0,0,0,0,0,0,0,0,0,0,0,0,0,0,0,0,0,0.252096694444444
"11-Dec",0,0,0,0,0,0,0,0,0,0,0,0,0,0,0,0,0,0,0,0,0,0,0,0,0,0,0,0,0,0,0,0,0,0,0,0,0,0
"12-Dec",0,0,0,0,0,0.2640754,0,0.2640754,0,0,0,0,9.242639,0,0,0,0,0,0,0,0,0,0,0,0,0,0,0,0,0,0,0,0,0,0,0,0,0.2640754
"13-Dec",0,0,0,0,0,0.583835428571429,0,0.583835428571429,0,0,0,0,0,0,0,0,0,20.43424,0,0,0,0,0,0,0,0,0,0,0,0,0,0,0,0,0,0,0,0.583835428571429
"14-Dec",0,0,0,0,0,0.123970916666667,4.462953,0,0,0,0,0,0,0,0,0,0,0,0,0,0,0,0,0,0,0,0,0,0,0,0,0,0,0,0,0,0,0.123970916666667
"15-Dec",0,0,0,0,0,0,0,0,0,0,0,0,0,0,0,0,0,0,0,0,0,0,0,0,0,0,0,0,0,0,0,0,0,0,0,0,0,0
"16-Dec",0,0,0,0,0,0,0,0,0,0,0,0,0,0,0,0,0,0,0,0,0,0,0,0,0,0,0,0,0,0,0,0,0,0,0,0,0,0
"17-Dec",0,0,0,0,0,0,0,0,0,0,0,0,0,0,0,0,0,0,0,0,0,0,0,0,0,0,0,0,0,0,0,0,0,0,0,0,0,0
"18-Dec",0,0,0,0,0,0.279415085714286,0,0,0,0,0.279415085714286,0,9.779528,0,0,0,0,0,0,0,0,0,0,0,0,0,0,0,0,0,0,0,0,0,0,0,0,0.279415085714286
"19-Dec",0,0,0,0,0,0,0,0,0,0,0,0,0,0,0,0,0,0,0,0,0,0,0,0,0,0,0,0,0,0,0,0,0,0,0,0,0,0
"20-Dec",0,0,0,0,0,0,0,0,0,0,0,0,0,0,0,0,0,0,0,0,0,0,0,0,0,0,0,0,0,0,0,0,0,0,0,0,0,0
"21-Dec",0,0,0,0,0,0,0,0,0,0,0,0,0,0,0,0,0,0,0,0,0,0,0,0,0,0,0,0,0,0,0,0,0,0,0,0,0,0
"22-Dec",0,0,0,0,0,0,0,0,0,0,0,0,0,0,0,0,0,0,0,0,0,0,0,0,0,0,0,0,0,0,0,0,0,0,0,0,0,0
"23-Dec",0,0,0,0,0,0,0,0,0,0,0,0,0,0,0,0,0,0,0,0,0,0,0,0,0,0,0,0,0,0,0,0,0,0,0,0,0,0
"24-Dec",0,0,0,0,0,0,0,0,0,0,0,0,0,0,0,0,0,0,0,0,0,0,0,0,0,0,0,0,0,0,0,0,0,0,0,0,0,0
"25-Dec",0,0,0,0,0,0,0,0,0,0,0,0,0,0,0,0,0,0,0,0,0,0,0,0,0,0,0,0,0,0,0,0,0,0,0,0,0,0
"26-Dec",0,0,0,0,0,0.518644444444444,0,0,0,0,0,0,0,0,0,0,0,0,0,0,0,0,0,0,0,0,0,0,0,0,0,0,18.6712,0,0,0,0,0.518644444444444
"27-Dec",0,0,0,0,0,0,0,0,0,0,0,0,0,0,0,0,0,0,0,0,0,0,0,0,0,0,0,0,0,0,0,0,0,0,0,0,0,0
"28-Dec",0,0,0,0,0,0,0,0,0,0,0,0,0,0,0,0,0,0,0,0,0,0,0,0,0,0,0,0,0,0,0,0,0,0,0,0,0,0
"29-Dec",0,0,0,0,0,0,0,0,0,0,0,0,0,0,0,0,0,0,0,0,0,0,0,0,0,0,0,0,0,0,0,0,0,0,0,0,0,0
"30-Dec",0,0,0,0,0,0,0,0,0,0,0,0,0,0,0,0,0,0,0,0,0,0,0,0,0,0,0,0,0,0,0,0,0,0,0,0,0,0
"31-Dec",0,0,0,0,0,0,0,0,0,0,0,0,0,0,0,0,0,0,0,0,0,0,0,0,0,0,0,0,0,0,0,0,0,0,0,0,0,0
